-- ============================================================
-- import_history.sql — GENERATED from the team Excel workbook
-- Season-aggregate history. Re-runnable: wipes prior rows first.
-- Does NOT touch profiles / auth.users.
-- ============================================================

truncate at_bats, game_player_stats, lineups, games, seasons, players cascade;

-- players (deduped across seasons; is_regular = latest-season status)
insert into players (id, name, is_regular, active) values
  ('d23c1ed6-b8aa-53e5-82e0-8e05aa383564', 'Aaron', true, true),
  ('3addc184-3dc7-5a74-bcb3-2afc7a952670', 'Al', true, true),
  ('92f0cdda-ab58-5790-9ba3-33c7cbe89959', 'Andrew', true, true),
  ('9ab9da1e-73f8-51bc-a2f8-a337f2859cf8', 'April', true, true),
  ('983adab8-196e-5836-8538-f68c01abaf15', 'Becky', true, true),
  ('e96cccbb-863e-5f41-97d5-3e0be6291167', 'Ben', true, true),
  ('c1f3dc65-24a1-5ac3-8ebc-610de3c31187', 'Brenden', true, true),
  ('7ec48469-19d1-53c1-aaee-a86d130665f0', 'Brian', true, true),
  ('08f8c13e-89e2-5436-8e3f-4ead79bd455b', 'Cole', true, true),
  ('87c68ce1-db44-56e0-b0e3-c1a8802fba8e', 'Dan', false, true),
  ('ee7115d0-8a0a-5232-b2f1-4df254cc578d', 'Eddie', false, true),
  ('b7dc06fc-b9f9-5b23-a21f-9522b635e863', 'Emily', true, true),
  ('4d52bf77-1859-5042-8712-333d04479a50', 'Erin', true, true),
  ('384c0395-56f1-5bf0-bff7-340cbebbc136', 'Geoff', true, true),
  ('661f3577-37a1-55df-8820-856c11544a1a', 'Ivana', false, true),
  ('d96d9969-f9a7-5fc6-85f3-9a7a288603ff', 'Jack', true, true),
  ('bb0029ca-a8d5-5cd7-ab3c-a30f17d3f75c', 'Jackson', true, true),
  ('fb006976-a98b-57d5-95ce-ff89496df371', 'Josh', true, true),
  ('133447cc-6822-5a48-b5ad-5d902f1cc19f', 'Kaitlyn', true, true),
  ('6f9b61f5-740e-5788-b615-1ef3b9db27df', 'Laena', true, true),
  ('0fea8e2a-89a1-5fff-bf77-719995fbc992', 'Laura', true, true),
  ('4e3540ec-8fc4-54a3-9ebb-639a9362eca0', 'Liam', true, true),
  ('c525281d-7b53-500b-a10c-e400cf404f1e', 'Marko', true, true),
  ('3575887b-27c5-56c7-9039-01aa86e8c9e5', 'Meryl', true, true),
  ('46efce23-3681-5de1-a98d-8e6048383af3', 'Mike', true, true),
  ('31dd7601-a61a-5ead-b5e8-7f7f124a6b5b', 'Paige', true, true),
  ('5fad23d7-854b-5614-b5a5-67477dd8cc51', 'Rick', true, true),
  ('5ddd97f0-2550-51fd-8f27-30ab7c2af5df', 'Sam', true, true),
  ('1360fedd-fad6-5747-9b20-2c76a3a251a1', 'Sarah D', true, true),
  ('5a2be9f4-832c-5619-b807-ae3223c1f63c', 'Sarah J', true, true),
  ('3a8f394e-aff2-57d3-a882-5028254405e1', 'Starr', true, true);

-- seasons
insert into seasons (id, year, term, label, is_current) values
  ('1224d7bc-6522-517f-a41c-27d1572a9cb9', 2023, 'Summer', '2023 Summer', false),
  ('8c3d35bf-966c-5c07-b8e6-e316d1d0abee', 2023, 'Fall', '2023 Fall', false),
  ('fcecec71-2e21-5f43-b6e7-3f8129ced2e6', 2024, 'Summer', '2024 Summer', false),
  ('8bfc40da-e368-59a5-a7f7-a48fb8a610b6', 2024, 'Fall', '2024 Fall', false),
  ('dc97e180-1c8a-5af2-928a-f94118e1a6c0', 2025, 'Summer', '2025 Summer', false),
  ('3d6bbf9c-0642-5912-b25b-d930ccdaeaa7', 2026, 'Summer', '2026 Summer', true);

-- one synthetic "season totals" game per season (admin-only surface)
insert into games (id, season_id, game_date, opponent, our_runs, opp_runs) values
  ('6daca5c8-b775-55d0-8f9b-ba12c5e024a8', '1224d7bc-6522-517f-a41c-27d1572a9cb9', '2023-07-01', 'Imported season totals', null, null),
  ('bc65b252-3c1c-5355-9041-7fc5aa11c965', '8c3d35bf-966c-5c07-b8e6-e316d1d0abee', '2023-10-01', 'Imported season totals', null, null),
  ('9a152812-766a-55c4-9fb3-772d023ce3a3', 'fcecec71-2e21-5f43-b6e7-3f8129ced2e6', '2024-07-01', 'Imported season totals', null, null),
  ('f5d8dd9d-d192-53d5-94d4-3b2ef016c8b7', '8bfc40da-e368-59a5-a7f7-a48fb8a610b6', '2024-10-01', 'Imported season totals', null, null),
  ('1efec3f7-8fc8-5335-bcec-274c09fb93eb', 'dc97e180-1c8a-5af2-928a-f94118e1a6c0', '2025-07-01', 'Imported season totals', null, null),
  ('40b0dd0b-722d-5de6-8648-46af77fcf62e', '3d6bbf9c-0642-5912-b25b-d930ccdaeaa7', '2026-07-01', 'Imported season totals', null, null);

-- per-player season totals (gp + per-season is_regular carried on the row)
insert into game_player_stats
  (game_id, player_id, singles, doubles, triples, hr, ab, fc, bb, hbp, roe, rbi, runs, k, gp, is_regular) values
  ('6daca5c8-b775-55d0-8f9b-ba12c5e024a8', 'd23c1ed6-b8aa-53e5-82e0-8e05aa383564', 24, 18, 1, 0, 55, 1, 0, 0, 0, 0, 0, 2, 10, true),
  ('6daca5c8-b775-55d0-8f9b-ba12c5e024a8', '3addc184-3dc7-5a74-bcb3-2afc7a952670', 12, 4, 2, 2, 28, 1, 0, 0, 0, 0, 0, 0, 5, true),
  ('6daca5c8-b775-55d0-8f9b-ba12c5e024a8', 'e96cccbb-863e-5f41-97d5-3e0be6291167', 30, 5, 3, 4, 55, 0, 0, 0, 0, 0, 0, 2, 10, true),
  ('6daca5c8-b775-55d0-8f9b-ba12c5e024a8', '661f3577-37a1-55df-8820-856c11544a1a', 36, 3, 3, 1, 57, 0, 0, 0, 0, 0, 0, 3, 9, true),
  ('6daca5c8-b775-55d0-8f9b-ba12c5e024a8', 'fb006976-a98b-57d5-95ce-ff89496df371', 13, 1, 1, 0, 28, 0, 0, 0, 0, 0, 0, 0, 6, true),
  ('6daca5c8-b775-55d0-8f9b-ba12c5e024a8', '133447cc-6822-5a48-b5ad-5d902f1cc19f', 26, 3, 0, 0, 41, 0, 0, 0, 0, 0, 0, 0, 8, true),
  ('6daca5c8-b775-55d0-8f9b-ba12c5e024a8', '6f9b61f5-740e-5788-b615-1ef3b9db27df', 19, 0, 0, 0, 42, 0, 0, 0, 0, 0, 0, 1, 7, true),
  ('6daca5c8-b775-55d0-8f9b-ba12c5e024a8', '4e3540ec-8fc4-54a3-9ebb-639a9362eca0', 14, 8, 2, 4, 37, 0, 0, 0, 0, 0, 0, 0, 8, true),
  ('6daca5c8-b775-55d0-8f9b-ba12c5e024a8', 'c525281d-7b53-500b-a10c-e400cf404f1e', 20, 3, 2, 0, 34, 0, 0, 0, 0, 0, 0, 2, 5, true),
  ('6daca5c8-b775-55d0-8f9b-ba12c5e024a8', '3575887b-27c5-56c7-9039-01aa86e8c9e5', 14, 0, 0, 0, 28, 2, 0, 0, 0, 0, 0, 1, 5, true),
  ('6daca5c8-b775-55d0-8f9b-ba12c5e024a8', '46efce23-3681-5de1-a98d-8e6048383af3', 12, 6, 6, 5, 47, 1, 0, 0, 0, 0, 0, 0, 8, true),
  ('6daca5c8-b775-55d0-8f9b-ba12c5e024a8', '5ddd97f0-2550-51fd-8f27-30ab7c2af5df', 15, 0, 0, 0, 24, 0, 0, 0, 0, 0, 0, 2, 7, true),
  ('6daca5c8-b775-55d0-8f9b-ba12c5e024a8', '1360fedd-fad6-5747-9b20-2c76a3a251a1', 22, 5, 2, 1, 42, 0, 0, 0, 0, 0, 0, 1, 9, true),
  ('6daca5c8-b775-55d0-8f9b-ba12c5e024a8', '5a2be9f4-832c-5619-b807-ae3223c1f63c', 9, 0, 0, 0, 18, 2, 0, 0, 0, 0, 0, 0, 2, true),
  ('6daca5c8-b775-55d0-8f9b-ba12c5e024a8', '3a8f394e-aff2-57d3-a882-5028254405e1', 15, 5, 4, 9, 48, 0, 0, 0, 0, 0, 0, 0, 8, true),
  ('bc65b252-3c1c-5355-9041-7fc5aa11c965', 'd23c1ed6-b8aa-53e5-82e0-8e05aa383564', 19, 5, 0, 0, 33, 1, 0, 0, 0, 0, 0, 0, 0, true),
  ('bc65b252-3c1c-5355-9041-7fc5aa11c965', '3addc184-3dc7-5a74-bcb3-2afc7a952670', 11, 5, 1, 3, 21, 1, 0, 0, 0, 0, 0, 0, 0, true),
  ('bc65b252-3c1c-5355-9041-7fc5aa11c965', 'e96cccbb-863e-5f41-97d5-3e0be6291167', 10, 5, 6, 0, 28, 0, 0, 0, 0, 0, 0, 0, 0, true),
  ('bc65b252-3c1c-5355-9041-7fc5aa11c965', '661f3577-37a1-55df-8820-856c11544a1a', 11, 1, 1, 0, 21, 0, 0, 0, 0, 0, 0, 0, 0, true),
  ('bc65b252-3c1c-5355-9041-7fc5aa11c965', 'fb006976-a98b-57d5-95ce-ff89496df371', 21, 6, 0, 1, 35, 0, 0, 0, 0, 0, 0, 0, 0, true),
  ('bc65b252-3c1c-5355-9041-7fc5aa11c965', '6f9b61f5-740e-5788-b615-1ef3b9db27df', 15, 0, 0, 0, 30, 0, 0, 0, 0, 0, 0, 2, 0, true),
  ('bc65b252-3c1c-5355-9041-7fc5aa11c965', '4e3540ec-8fc4-54a3-9ebb-639a9362eca0', 8, 5, 2, 1, 21, 0, 0, 0, 0, 0, 0, 0, 0, true),
  ('bc65b252-3c1c-5355-9041-7fc5aa11c965', 'c525281d-7b53-500b-a10c-e400cf404f1e', 14, 5, 2, 0, 27, 0, 0, 0, 0, 0, 0, 1, 0, true),
  ('bc65b252-3c1c-5355-9041-7fc5aa11c965', '3575887b-27c5-56c7-9039-01aa86e8c9e5', 7, 0, 0, 0, 10, 2, 0, 0, 0, 0, 0, 0, 0, true),
  ('bc65b252-3c1c-5355-9041-7fc5aa11c965', '46efce23-3681-5de1-a98d-8e6048383af3', 11, 7, 4, 4, 32, 1, 0, 0, 0, 0, 0, 0, 0, true),
  ('bc65b252-3c1c-5355-9041-7fc5aa11c965', '1360fedd-fad6-5747-9b20-2c76a3a251a1', 22, 6, 0, 0, 37, 0, 0, 0, 0, 0, 0, 0, 0, true),
  ('bc65b252-3c1c-5355-9041-7fc5aa11c965', '3a8f394e-aff2-57d3-a882-5028254405e1', 5, 11, 1, 3, 25, 0, 0, 0, 0, 0, 0, 0, 0, true),
  ('9a152812-766a-55c4-9fb3-772d023ce3a3', 'd23c1ed6-b8aa-53e5-82e0-8e05aa383564', 21, 14, 1, 2, 47, 1, 0, 0, 0, 0, 0, 0, 0, true),
  ('9a152812-766a-55c4-9fb3-772d023ce3a3', '3addc184-3dc7-5a74-bcb3-2afc7a952670', 16, 5, 3, 6, 39, 1, 0, 0, 0, 0, 0, 0, 0, true),
  ('9a152812-766a-55c4-9fb3-772d023ce3a3', 'e96cccbb-863e-5f41-97d5-3e0be6291167', 30, 7, 4, 3, 57, 0, 0, 0, 0, 0, 0, 0, 0, true),
  ('9a152812-766a-55c4-9fb3-772d023ce3a3', 'fb006976-a98b-57d5-95ce-ff89496df371', 15, 3, 1, 0, 27, 0, 0, 0, 0, 0, 0, 0, 0, true),
  ('9a152812-766a-55c4-9fb3-772d023ce3a3', '6f9b61f5-740e-5788-b615-1ef3b9db27df', 31, 0, 0, 0, 49, 0, 0, 0, 0, 0, 0, 0, 0, true),
  ('9a152812-766a-55c4-9fb3-772d023ce3a3', '4e3540ec-8fc4-54a3-9ebb-639a9362eca0', 13, 8, 4, 1, 35, 0, 0, 0, 0, 0, 0, 0, 0, true),
  ('9a152812-766a-55c4-9fb3-772d023ce3a3', '46efce23-3681-5de1-a98d-8e6048383af3', 8, 14, 4, 6, 43, 1, 0, 0, 0, 0, 0, 0, 0, true),
  ('9a152812-766a-55c4-9fb3-772d023ce3a3', '5a2be9f4-832c-5619-b807-ae3223c1f63c', 14, 2, 0, 0, 32, 0, 0, 0, 0, 0, 0, 0, 0, true),
  ('9a152812-766a-55c4-9fb3-772d023ce3a3', '1360fedd-fad6-5747-9b20-2c76a3a251a1', 31, 7, 0, 0, 52, 0, 0, 0, 0, 0, 0, 0, 0, true),
  ('9a152812-766a-55c4-9fb3-772d023ce3a3', '3a8f394e-aff2-57d3-a882-5028254405e1', 17, 13, 2, 6, 52, 0, 0, 0, 0, 0, 0, 0, 0, true),
  ('9a152812-766a-55c4-9fb3-772d023ce3a3', '9ab9da1e-73f8-51bc-a2f8-a337f2859cf8', 10, 2, 1, 0, 24, 0, 0, 0, 0, 0, 0, 0, 0, true),
  ('9a152812-766a-55c4-9fb3-772d023ce3a3', 'c1f3dc65-24a1-5ac3-8ebc-610de3c31187', 10, 4, 4, 6, 37, 0, 0, 0, 0, 0, 0, 0, 0, true),
  ('9a152812-766a-55c4-9fb3-772d023ce3a3', 'bb0029ca-a8d5-5cd7-ab3c-a30f17d3f75c', 14, 5, 2, 4, 36, 0, 0, 0, 0, 0, 0, 0, 0, true),
  ('9a152812-766a-55c4-9fb3-772d023ce3a3', 'b7dc06fc-b9f9-5b23-a21f-9522b635e863', 15, 0, 0, 0, 45, 0, 0, 0, 0, 0, 0, 2, 1, true),
  ('f5d8dd9d-d192-53d5-94d4-3b2ef016c8b7', 'd23c1ed6-b8aa-53e5-82e0-8e05aa383564', 17, 5, 1, 1, 33, 1, 0, 0, 0, 0, 0, 0, 5, true),
  ('f5d8dd9d-d192-53d5-94d4-3b2ef016c8b7', '3addc184-3dc7-5a74-bcb3-2afc7a952670', 8, 4, 0, 0, 13, 1, 0, 0, 0, 0, 0, 0, 2, true),
  ('f5d8dd9d-d192-53d5-94d4-3b2ef016c8b7', 'e96cccbb-863e-5f41-97d5-3e0be6291167', 18, 5, 0, 0, 26, 0, 0, 0, 0, 0, 0, 0, 4, true),
  ('f5d8dd9d-d192-53d5-94d4-3b2ef016c8b7', '08f8c13e-89e2-5436-8e3f-4ead79bd455b', 3, 2, 0, 0, 5, 0, 0, 0, 0, 0, 0, 0, 1, true),
  ('f5d8dd9d-d192-53d5-94d4-3b2ef016c8b7', 'fb006976-a98b-57d5-95ce-ff89496df371', 9, 1, 0, 2, 19, 0, 0, 0, 0, 0, 0, 1, 3, true),
  ('f5d8dd9d-d192-53d5-94d4-3b2ef016c8b7', '92f0cdda-ab58-5790-9ba3-33c7cbe89959', 6, 8, 3, 2, 24, 0, 0, 0, 0, 0, 0, 1, 4, true),
  ('f5d8dd9d-d192-53d5-94d4-3b2ef016c8b7', '6f9b61f5-740e-5788-b615-1ef3b9db27df', 29, 1, 0, 0, 45, 0, 0, 0, 0, 0, 0, 2, 6, true),
  ('f5d8dd9d-d192-53d5-94d4-3b2ef016c8b7', '4e3540ec-8fc4-54a3-9ebb-639a9362eca0', 16, 10, 3, 1, 30, 0, 0, 0, 0, 0, 0, 0, 5, true),
  ('f5d8dd9d-d192-53d5-94d4-3b2ef016c8b7', '7ec48469-19d1-53c1-aaee-a86d130665f0', 4, 1, 0, 0, 6, 0, 0, 0, 0, 0, 0, 1, 1, true),
  ('f5d8dd9d-d192-53d5-94d4-3b2ef016c8b7', '5ddd97f0-2550-51fd-8f27-30ab7c2af5df', 9, 0, 0, 0, 20, 2, 0, 0, 0, 0, 0, 4, 3, true),
  ('f5d8dd9d-d192-53d5-94d4-3b2ef016c8b7', '46efce23-3681-5de1-a98d-8e6048383af3', 6, 3, 4, 4, 19, 1, 0, 0, 0, 0, 0, 0, 3, true),
  ('f5d8dd9d-d192-53d5-94d4-3b2ef016c8b7', 'd96d9969-f9a7-5fc6-85f3-9a7a288603ff', 3, 3, 0, 1, 10, 0, 0, 0, 0, 0, 0, 0, 2, true),
  ('f5d8dd9d-d192-53d5-94d4-3b2ef016c8b7', '1360fedd-fad6-5747-9b20-2c76a3a251a1', 25, 2, 1, 0, 37, 0, 0, 0, 0, 0, 0, 3, 5, true),
  ('f5d8dd9d-d192-53d5-94d4-3b2ef016c8b7', '5fad23d7-854b-5614-b5a5-67477dd8cc51', 1, 1, 0, 0, 6, 0, 0, 0, 0, 0, 0, 1, 1, true),
  ('f5d8dd9d-d192-53d5-94d4-3b2ef016c8b7', '3a8f394e-aff2-57d3-a882-5028254405e1', 9, 10, 3, 10, 36, 0, 0, 0, 0, 0, 0, 0, 6, true),
  ('1efec3f7-8fc8-5335-bcec-274c09fb93eb', 'd23c1ed6-b8aa-53e5-82e0-8e05aa383564', 20, 10, 9, 2, 55, 1, 0, 0, 0, 0, 0, 0, 0, true),
  ('1efec3f7-8fc8-5335-bcec-274c09fb93eb', '92f0cdda-ab58-5790-9ba3-33c7cbe89959', 16, 11, 8, 4, 52, 0, 0, 0, 0, 0, 0, 0, 0, true),
  ('1efec3f7-8fc8-5335-bcec-274c09fb93eb', '983adab8-196e-5836-8538-f68c01abaf15', 9, 2, 0, 0, 20, 0, 0, 0, 0, 0, 0, 0, 0, true),
  ('1efec3f7-8fc8-5335-bcec-274c09fb93eb', 'e96cccbb-863e-5f41-97d5-3e0be6291167', 21, 12, 0, 2, 48, 0, 0, 0, 0, 0, 0, 0, 0, true),
  ('1efec3f7-8fc8-5335-bcec-274c09fb93eb', 'b7dc06fc-b9f9-5b23-a21f-9522b635e863', 20, 3, 0, 0, 44, 0, 0, 0, 0, 0, 0, 0, 0, true),
  ('1efec3f7-8fc8-5335-bcec-274c09fb93eb', 'bb0029ca-a8d5-5cd7-ab3c-a30f17d3f75c', 23, 7, 4, 3, 53, 0, 0, 0, 0, 0, 0, 0, 0, true),
  ('1efec3f7-8fc8-5335-bcec-274c09fb93eb', 'fb006976-a98b-57d5-95ce-ff89496df371', 10, 3, 0, 2, 27, 0, 0, 0, 0, 0, 0, 0, 0, true),
  ('1efec3f7-8fc8-5335-bcec-274c09fb93eb', '0fea8e2a-89a1-5fff-bf77-719995fbc992', 10, 2, 1, 0, 32, 0, 0, 0, 0, 0, 0, 0, 0, true),
  ('1efec3f7-8fc8-5335-bcec-274c09fb93eb', '4e3540ec-8fc4-54a3-9ebb-639a9362eca0', 16, 10, 6, 3, 51, 0, 0, 0, 0, 0, 0, 0, 0, true),
  ('1efec3f7-8fc8-5335-bcec-274c09fb93eb', '46efce23-3681-5de1-a98d-8e6048383af3', 15, 8, 6, 4, 45, 1, 0, 0, 0, 0, 0, 0, 0, true),
  ('1efec3f7-8fc8-5335-bcec-274c09fb93eb', '1360fedd-fad6-5747-9b20-2c76a3a251a1', 24, 4, 1, 0, 50, 0, 0, 0, 0, 0, 0, 0, 0, true),
  ('1efec3f7-8fc8-5335-bcec-274c09fb93eb', '5a2be9f4-832c-5619-b807-ae3223c1f63c', 17, 0, 0, 0, 43, 0, 0, 0, 0, 0, 0, 0, 0, true),
  ('1efec3f7-8fc8-5335-bcec-274c09fb93eb', '3a8f394e-aff2-57d3-a882-5028254405e1', 13, 14, 8, 11, 57, 0, 0, 0, 0, 0, 0, 0, 0, true),
  ('1efec3f7-8fc8-5335-bcec-274c09fb93eb', '87c68ce1-db44-56e0-b0e3-c1a8802fba8e', 2, 1, 0, 0, 4, 0, 0, 0, 0, 0, 0, 0, 0, false),
  ('1efec3f7-8fc8-5335-bcec-274c09fb93eb', '661f3577-37a1-55df-8820-856c11544a1a', 3, 0, 0, 0, 4, 0, 0, 0, 0, 0, 0, 0, 0, false),
  ('1efec3f7-8fc8-5335-bcec-274c09fb93eb', '31dd7601-a61a-5ead-b5e8-7f7f124a6b5b', 4, 0, 0, 0, 6, 0, 0, 0, 0, 0, 0, 0, 0, false),
  ('1efec3f7-8fc8-5335-bcec-274c09fb93eb', '5ddd97f0-2550-51fd-8f27-30ab7c2af5df', 2, 0, 0, 0, 4, 0, 0, 0, 0, 0, 0, 0, 0, false),
  ('40b0dd0b-722d-5de6-8648-46af77fcf62e', 'd23c1ed6-b8aa-53e5-82e0-8e05aa383564', 4, 2, 1, 0, 10, 1, 0, 0, 0, 0, 0, 0, 0, true),
  ('40b0dd0b-722d-5de6-8648-46af77fcf62e', '92f0cdda-ab58-5790-9ba3-33c7cbe89959', 3, 1, 1, 1, 11, 0, 0, 0, 0, 0, 0, 0, 0, true),
  ('40b0dd0b-722d-5de6-8648-46af77fcf62e', 'e96cccbb-863e-5f41-97d5-3e0be6291167', 1, 1, 0, 1, 3, 0, 0, 0, 0, 0, 0, 0, 0, true),
  ('40b0dd0b-722d-5de6-8648-46af77fcf62e', '08f8c13e-89e2-5436-8e3f-4ead79bd455b', 6, 0, 2, 0, 10, 0, 0, 0, 0, 0, 0, 0, 0, true),
  ('40b0dd0b-722d-5de6-8648-46af77fcf62e', '4d52bf77-1859-5042-8712-333d04479a50', 2, 0, 0, 0, 14, 0, 0, 0, 0, 0, 0, 0, 0, true),
  ('40b0dd0b-722d-5de6-8648-46af77fcf62e', '384c0395-56f1-5bf0-bff7-340cbebbc136', 1, 2, 0, 0, 7, 0, 0, 0, 0, 0, 0, 0, 0, true),
  ('40b0dd0b-722d-5de6-8648-46af77fcf62e', '6f9b61f5-740e-5788-b615-1ef3b9db27df', 2, 0, 0, 0, 5, 0, 0, 0, 0, 0, 0, 0, 0, true),
  ('40b0dd0b-722d-5de6-8648-46af77fcf62e', '4e3540ec-8fc4-54a3-9ebb-639a9362eca0', 4, 4, 0, 1, 15, 0, 0, 0, 0, 0, 0, 0, 0, true),
  ('40b0dd0b-722d-5de6-8648-46af77fcf62e', '31dd7601-a61a-5ead-b5e8-7f7f124a6b5b', 7, 1, 0, 0, 13, 0, 0, 0, 0, 0, 0, 0, 0, true),
  ('40b0dd0b-722d-5de6-8648-46af77fcf62e', '5ddd97f0-2550-51fd-8f27-30ab7c2af5df', 1, 0, 0, 0, 8, 0, 0, 0, 0, 0, 0, 0, 0, true),
  ('40b0dd0b-722d-5de6-8648-46af77fcf62e', '1360fedd-fad6-5747-9b20-2c76a3a251a1', 2, 0, 0, 0, 3, 0, 0, 0, 0, 0, 0, 0, 0, true),
  ('40b0dd0b-722d-5de6-8648-46af77fcf62e', '3a8f394e-aff2-57d3-a882-5028254405e1', 2, 1, 1, 1, 12, 0, 0, 0, 0, 0, 0, 0, 0, true),
  ('40b0dd0b-722d-5de6-8648-46af77fcf62e', 'ee7115d0-8a0a-5232-b2f1-4df254cc578d', 1, 0, 1, 1, 4, 0, 0, 0, 0, 0, 0, 0, 0, false);

